ID,Latitude,Longitude,Date,Time,Year,Month,Address
1,14.28418,121.009268,2020-01-06,5:00:00,2020,1,BANCAL
2,14.310483,121.047449,2020-01-11,8:10:00,2020,1,MABUHAY
3,14.320989,121.063088,2020-01-14,7:50:00,2020,1,MADUYA
4,14.18545,121.03101,2020-01-15,20:30:00,2020,1,CABILANG BAYBAY
5,14.19062,121.03111,2020-01-15,7:30:00,2020,1,CABILANG BAYBAY
6,14.280759,121.007441,2020-01-17,21:45:00,2020,1,BANCAL
7,14.315512,121.053409,2020-01-18,14:00:00,2020,1,CABILANG BAYBAY
8,14.318717,121.050539,2020-01-20,6:15:00,2020,1,BANCAL
9,14.306845,121.040068,2020-02-01,20:00:00,2020,2,MABUHAY
10,14.323114,121.06513,2020-02-02,19:30:00,2020,2,MADUYA
11,14.284101,121.008627,2020-02-09,20:15:00,2020,2,BANCAL
12,14.281984,121.00507,2020-02-12,21:20:00,2020,2,BANCAL
13,14.280759,121.007441,2020-02-13,12:30:00,2020,2,BANCAL
14,14.320989,121.063088,2020-02-13,5:10:00,2020,2,MADUYA
15,14.3104,121.043501,2020-02-14,13:00:00,2020,2,MABUHAY
16,14.284101,121.008627,2020-02-15,20:30:00,2020,2,BANCAL
17,14.310806,121.049777,2020-03-03,13:30:00,2020,3,MABUHAY
18,14.310629,121.049836,2020-03-11,5:20:00,2020,3,MABUHAY
19,14.322384,121.062014,2020-03-14,17:00:00,2020,3,MADUYA
20,14.310421,121.042053,2020-04-14,17:30:00,2020,4,MABUHAY
21,14.31013,121.041065,2020-05-21,7:30:00,2020,5,MABUHAY
22,14.17035,121.00328,2020-06-12,17:07:00,2020,6,BANCAL
23,14.320741,121.062947,2020-06-14,17:30:00,2020,6,MADUYA
24,14.315007,121.052414,2020-06-19,16:50:00,2020,6,CABILANG BAYBAY
25,14.17297,121.00575,2020-06-19,,2020,6,BANCAL
26,14.32267,121.064256,2020-06-22,5:30:00,2020,6,MADUYA
27,14.284667,121.008855,2020-06-22,9:50:00,2020,6,BANCAL
28,14.321598,121.063757,2020-06-23,10:00:00,2020,6,MADUYA
29,14.307669,121.047578,2020-07-05,16:30:00,2020,7,MILAGROSA
30,14.310164,121.049584,2020-07-08,19:20:00,2020,7,MABUHAY
31,14.31039,121.044456,2020-07-09,16:30:00,2020,7,MABUHAY
32,14.3104,121.042546,2020-07-31,18:45:00,2020,7,MABUHAY
33,14.320286,121.06262,2020-07-31,8:00:00,2020,7,MADUYA
34,14.319379,121.062351,2020-08-01,21:45:00,2020,8,MADUYA
35,14.31039,121.044155,2020-08-08,6:00:00,2020,8,MABUHAY
36,14.309153,121.040497,2020-08-23,22:00:00,2020,8,MABUHAY
37,14.309038,121.040454,2020-08-25,5:45:00,2020,8,MABUHAY
38,14.310411,121.043104,2020-08-28,4:30:00,2020,8,MABUHAY
39,14.318706,121.061676,2020-09-06,23:00:00,2020,9,MABUHAY
40,14.297109,121.049842,2020-09-06,9:20:00,2020,9,LANTIC
41,14.284019,121.008568,2020-09-17,6:30:00,2020,9,BANCAL
42,14.28117,121.009276,2020-09-23,19:40:00,2020,9,BANCAL
43,14.309454,121.050088,2020-09-24,2:47:00,2020,9,MABUHAY
44,14.285151,121.008959,2020-09-29,19:30:00,2020,9,BANCAL
45,14.1701,121.00303,2020-10-20,21:00:00,2020,10,BANCAL
46,14.284966,121.008941,2020-12-25,22:00:00,2020,12,BANCAL
47,14.310691,121.048683,2021-01-15,1:00:00,2021,1,MABUHAY
48,14.28418,121.009268,2021-02-01,5:30:00,2021,2,BANCAL
49,14.310618,121.048522,2021-02-19,8:30:00,2021,2,MABUHAY
50,14.310327,121.045357,2021-02-19,8:30:00,2021,2,MABUHAY
51,14.319881,121.063886,2021-03-08,13:30:00,2021,3,MADUYA
52,14.310421,121.042578,2021-03-23,10:00:00,2021,3,MABUHAY
53,14.310203,121.048071,2021-03-23,10:00:00,2021,3,MABUHAY
54,14.317407,121.059208,2021-03-28,11:00:00,2021,3,MADUYA
55,14.320848,121.063714,2021-03-28,11:00:00,2021,3,MADUYA
56,14.322802,121.064916,2021-06-15,14:00:00,2021,6,MADUYA
57,14.322308,121.064229,2021-06-15,14:00:00,2021,6,MADUYA
58,14.322883,121.064969,2021-07-03,23:40:00,2021,7,MADUYA
59,14.310504,121.047685,2021-07-07,9:00:00,2021,7,MABUHAY
60,14.310421,121.044188,2021-07-07,9:00:00,2021,7,MABUHAY
61,14.322544,121.06432,2021-08-12,23:00:00,2021,8,MADUYA
62,14.322445,121.064253,2021-08-12,23:00:00,2021,8,MADUYA
63,14.321785,121.063899,2021-08-12,23:00:00,2021,8,MADUYA
64,14.306221,121.040196,2021-08-19,19:00:00,2021,8,MABUHAY
65,14.3083,121.041055,2021-09-05,16:30:00,2021,9,MABUHAY
66,14.309215,121.039982,2021-09-05,16:30:00,2021,9,MABUHAY
67,14.307812,121.038802,2021-09-05,16:30:00,2021,9,MABUHAY
68,14.28509,121.00934,2021-09-14,6:00:00,2021,9,BANCAL
69,14.307354,121.038287,2021-09-14,14:30:00,2021,9,MABUHAY
70,14.307167,121.037493,2021-09-14,14:30:00,2021,9,MABUHAY
71,14.306481,121.037525,2021-09-14,14:30:00,2021,9,MABUHAY
72,14.284404,121.00875,2021-10-06,6:00:00,2021,10,BANCAL
73,14.283821,121.008514,2021-10-06,6:00:00,2021,10,BANCAL
74,14.284366,121.008978,2021-10-10,8:30:00,2021,10,BANCAL
75,14.283921,121.008552,2021-10-10,8:30:00,2021,10,BANCAL
76,14.282966,121.008224,2021-10-14,19:00:00,2021,10,BANCAL
77,14.305535,121.041934,2021-10-23,11:20:00,2021,10,MABUHAY
78,14.284874,121.008922,2021-11-02,15:30:00,2021,11,BANCAL
79,14.284647,121.008833,2021-11-07,22:20:00,2021,11,BANCAL
80,14.28421,121.008654,2021-11-25,6:00:00,2021,11,BANCAL
81,14.321261,121.063548,2021-12-03,4:00:00,2021,12,MADUYA
82,14.308425,121.040905,2021-12-23,22:45:00,2021,12,MABUHAY
83,14.308862,121.043179,2021-12-23,22:45:00,2021,12,MABUHAY
84,14.284512,121.008785,2021-12-27,19:30:00,2021,12,BANCAL
85,14.300254,121.048651,2022-01-23,16:00:00,2022,1,LANTIC
86,14.299255,121.048994,2022-02-28,17:30:00,2022,2,LANTIC
87,14.307128,121.047884,2022-03-20,13:00:00,2022,3,MILAGROSA
88,14.308487,121.045239,2022-04-23,9:00:00,2022,4,MABUHAY
89,14.306658,121.043844,2022-04-23,9:00:00,2022,4,MABUHAY
90,14.309496,121.042149,2022-04-26,15:40:00,2022,4,MABUHAY
91,14.30751,121.043093,2022-04-26,15:40:00,2022,4,MABUHAY
92,14.308914,121.040347,2022-04-26,15:40:00,2022,4,MABUHAY
93,14.320988,121.063414,2022-04-26,5:14:00,2022,4,MADUYA
94,14.284444,121.008892,2022-04-28,22:30:00,2022,4,BANCAL
95,14.313149,121.057824,2022-05-08,4:00:00,2022,5,BARANGAY 2(POB.)
96,14.313149,121.057824,2022-05-08,4:00:00,2022,5,BARANGAY 2(POB.)
97,14.321404,121.064004,2022-06-12,22:00:00,2022,6,MADUYA
98,14.284395,121.008739,2022-06-29,22:30:00,2022,6,BANCAL
99,14.17551,121.02599,2022-07-18,19:30:00,2022,7,LANTIC
100,14.297732,121.049037,2022-07-18,19:30:00,2022,7,LANTIC
101,14.284395,121.008739,2022-06-21,10:30:00,2022,8,BANCAL
102,14.284395,121.008739,2022-06-21,10:30:00,2022,8,BANCAL
103,14.308456,121.039242,2022-08-27,20:00:00,2022,8,MABUHAY
104,14.305992,121.040154,2022-09-08,10:40:00,2022,9,MABUHAY
105,14.321477,121.063467,2022-10-19,20:30:00,2022,10,MADUYA
106,14.307115,121.03996,2022-11-05,19:00:00,2022,11,MABUHAY
107,14.309932,121.041999,2022-11-05,19:00:00,2022,11,MABUHAY
108,14.308404,121.041065,2022-12-01,15:20:00,2022,12,MABUHAY
109,14.308706,121.044531,2022-12-01,15:20:00,2022,12,MABUHAY
110,14.320967,121.06306,2022-12-13,13:30:00,2022,12,MADUYA
111,14.284419,121.008761,2023-02-26,17:30:00,2023,2,BANCAL
112,14.287648,121.009501,2023-03-22,3:30:00,2023,3,BANCAL
113,14.283998,121.0086,2023-03-22,3:30:00,2023,3,BANCAL
114,14.319904,121.062346,2023-04-22,8:00:00,2023,4,MADUYA
115,14.321375,121.062416,2023-04-22,8:00:00,2023,4,MADUYA
116,14.320541,121.062727,2023-04-29,23:30:00,2023,4,MADUYA
117,14.3205,121.063532,2023-04-29,23:30:00,2023,4,MADUYA
118,14.321425,121.064036,2023-06-08,17:00:00,2023,6,MADUYA
119,14.283998,121.0086,2023-07-28,19:00:00,2023,7,BANCAL
120,14.310223,121.048028,2023-08-07,22:20:00,2023,8,MABUHAY
121,14.298343,121.049342,2023-08-18,19:47:00,2023,8,LANTIC
122,14.297956,121.049488,2023-08-18,19:47:00,2023,8,LANTIC
123,14.310681,121.048694,2023-08-23,9:00:00,2023,8,MABUHAY
124,14.30698,121.044456,2023-09-13,4:30:00,2023,9,MABUHAY
125,14.307302,121.039939,2023-09-26,6:30:00,2023,9,MABUHAY
126,14.309683,121.049466,2023-09-26,6:30:00,2023,9,MABUHAY
127,14.28097,121.006524,2023-11-04,21:30:00,2023,11,BANCAL
128,14.28097,121.006524,2023-11-04,21:30:00,2023,11,BANCAL
129,14.281142,121.006057,2023-11-04,21:30:00,2023,11,BANCAL
130,14.31424,121.05298,2023-11-05,11:30:00,2023,11,CABILANG BAYBAY
131,14.314404,121.05272,2023-11-05,11:30:00,2023,11,CABILANG BAYBAY
132,14.281142,121.006057,2023-11-17,23:00:00,2023,11,BANCAL
133,14.31502,121.052009,2023-12-03,19:00:00,2023,12,CABILANG BAYBAY
134,14.314812,121.052186,2023-12-03,19:00:00,2023,12,CABILANG BAYBAY
135,14.321372,121.064014,2023-12-11,4:00:00,2023,12,MADUYA
136,14.307549,121.048613,2023-12-29,17:00:00,2023,12,MILAGROSA
137,14.284726,121.008857,2024-01-15,19:30:00,2024,1,BANCAL
138,14.315256,121.053117,2024-02-24,22:20:00,2024,2,CABILANG BAYBAY
139,14.314651,121.051282,2024-02-24,22:20:00,2024,2,CABILANG BAYBAY
140,14.307645,121.047589,2024-03-25,19:30:00,2024,3,MABUHAY
141,14.307198,121.043297,2024-03-25,19:30:00,2024,3,MABUHAY
142,14.285407,121.007881,2024-04-16,23:45:00,2024,4,BANCAL
143,14.283925,121.010799,2024-04-16,23:45:00,2024,4,BANCAL
144,14.319704,121.062384,2024-04-21,21:50:00,2024,4,MADUYA
145,14.318996,121.062118,2024-04-21,21:50:00,2024,4,MADUYA
146,14.315003,121.052186,2024-07-03,12:25:00,2024,7,CABILANG BAYBAY
147,14.282129,121.007962,2024-03-11,10:50:00,2024,7,BANCAL
148,14.30883,121.037407,2024-07-23,16:45:00,2024,7,MABUHAY
149,14.307365,121.037514,2024-07-23,16:45:00,2024,7,MABUHAY
150,14.309841,121.050013,2024-08-14,22:00:00,2024,8,MABUHAY
151,14.317352,121.05129,2024-08-25,22:00:00,2024,8,CABILANG BAYBAY
152,14.317547,121.050539,2024-08-25,22:00:00,2024,8,CABILANG BAYBAY
153,14.307801,121.03878,2024-10-04,21:00:00,2024,10,MABUHAY
154,14.308862,121.043125,2024-10-04,21:00:00,2024,10,MABUHAY
155,14.280858,121.007645,2024-10-18,17:40:00,2024,10,BANCAL
156,14.28071,121.007425,2024-11-24,5:30:00,2024,11,BANCAL
157,14.306231,121.044831,2024-11-27,1:00:00,2024,11,MABUHAY
158,14.300503,121.048522,2024-12-05,6:45:00,2024,12,LANTIC
159,14.307999,121.03981,2024-12-14,22:10:00,2024,12,MABUHAY
